ThingName,HostName
,c160115
,c140002
,c160303
,c160321
,y202302
,y209851
,y202571
,y202776
,y203039
,y203532
,c143031
,y203582
,c161254
,y204041
,y204072
,y204092
,y204142
,c162134
,y204261
,c120005
,c168316
,c165065
,y205981
,c170031
,y209752
,y205279
,y205204
,c165221
,y205401
,c169131
,c166021
,y205551
,y200218
,y200206
,y201261
,y205602
,c169343
,c111081
,y203635
,c166251
,y205901
,c167021
,y205811
,y206751
,c167291
,y207471
,c168052
,y209501
,y209941
